Flight_Number,Date,Origin,Destination,Aircraft_Type,Passengers,Delay_Minutes,Delay_Reason,Cancelled
DL1001,2026-02-05,ATL,LHR,A350,289,120,Weather,N
DL1002,2026-02-17,ATL,LHR,A220,163,75,Weather,N
DL1003,2026-02-14,ATL,LHR,A220,197,0,None,N
DL1004,2026-02-02,ATL,LHR,A350,196,0,None,N
DL1005,2026-02-18,ATL,LHR,B757,286,25,Air Traffic Control,N
DL1006,2026-02-18,ATL,LHR,A350,280,35,Air Traffic Control,N
DL1007,2026-02-19,ATL,LHR,A321,220,120,Air Traffic Control,N
DL1008,2026-02-19,ATL,LHR,B767,203,0,None,N
DL1009,2026-02-23,ATL,LHR,A321,227,45,Air Traffic Control,N
DL1010,2026-02-10,ATL,LHR,B767,227,120,Air Traffic Control,N
DL1011,2026-02-14,ATL,CDG,A220,282,0,None,N
DL1012,2026-02-26,ATL,CDG,A321,288,60,Mechanical,N
DL1013,2026-02-03,ATL,CDG,A350,261,0,None,N
DL1014,2026-02-02,ATL,CDG,B757,238,90,Weather,N
DL1015,2026-02-01,ATL,CDG,A350,296,0,None,N
DL1016,2026-02-16,ATL,CDG,B767,173,0,None,N
DL1017,2026-02-13,ATL,CDG,B767,160,0,None,N
DL1018,2026-02-15,ATL,CDG,B757,280,25,Crew,N
DL1019,2026-02-23,ATL,CDG,B767,237,0,None,N
DL1020,2026-02-05,ATL,CDG,B767,290,35,Weather,N
DL1021,2026-02-09,ATL,CDG,B757,284,120,Air Traffic Control,N
DL1022,2026-02-23,ATL,NRT,A350,307,0,None,N
DL1023,2026-02-15,ATL,NRT,A220,314,0,None,N
DL1024,2026-02-13,ATL,NRT,A321,263,0,None,N
DL1025,2026-02-02,ATL,NRT,B767,252,0,None,N
DL1026,2026-02-04,ATL,NRT,A350,277,15,Mechanical,N
DL1027,2026-02-12,ATL,NRT,B757,178,35,Mechanical,N
DL1028,2026-02-12,ATL,NRT,A321,169,0,None,N
DL1029,2026-02-15,ATL,NRT,B757,227,25,Weather,N
DL1030,2026-02-16,ATL,NRT,B757,275,15,Weather,N
DL1031,2026-02-23,ATL,MEX,A350,304,120,Weather,N
DL1032,2026-02-23,ATL,MEX,B757,182,0,None,N
DL1033,2026-02-25,ATL,MEX,B757,268,0,None,N
DL1034,2026-02-21,ATL,MEX,B767,189,0,None,N
DL1035,2026-02-27,ATL,MEX,A220,191,0,None,N
DL1036,2026-02-16,ATL,MEX,B757,260,15,Crew,N
DL1037,2026-02-07,ATL,MEX,B757,254,0,None,N
DL1038,2026-02-12,ATL,MEX,A321,192,90,Weather,N
DL1039,2026-02-20,ATL,MEX,A321,140,0,None,N
DL1040,2026-02-12,ATL,AMS,A321,191,20,Late Inbound Aircraft,N
DL1041,2026-02-06,ATL,AMS,A321,162,0,None,N
DL1042,2026-02-15,ATL,AMS,B767,180,0,None,N
DL1043,2026-02-05,ATL,AMS,A321,291,0,Cancelled,Y
DL1044,2026-02-26,ATL,AMS,A321,292,0,None,N
DL1045,2026-02-22,ATL,AMS,A350,143,120,Weather,N
DL1046,2026-02-17,ATL,AMS,A350,194,35,Crew,N
DL1047,2026-02-09,ATL,AMS,B757,290,0,None,N
DL1048,2026-02-09,ATL,AMS,B757,155,0,None,N
DL1049,2026-02-15,ATL,AMS,A321,272,0,None,N
DL1050,2026-02-27,ATL,AMS,B767,276,0,None,N
DL1051,2026-02-17,ATL,AMS,A220,186,0,None,N
DL1052,2026-02-01,ATL,AMS,A220,170,25,Air Traffic Control,N
DL1053,2026-02-11,ATL,ICN,A350,263,0,None,N
DL1054,2026-02-18,ATL,ICN,A321,269,15,Crew,N
DL1055,2026-02-18,ATL,ICN,A321,156,0,Cancelled,Y
DL1056,2026-02-11,ATL,ICN,B767,271,0,None,N
DL1057,2026-02-23,ATL,ICN,A220,262,0,None,N
DL1058,2026-02-08,ATL,ICN,A220,206,0,None,N
DL1059,2026-02-07,ATL,ICN,A350,220,20,Air Traffic Control,N
DL1060,2026-02-22,ATL,ICN,B757,179,45,Crew,N
DL1061,2026-02-09,JFK,LHR,A350,196,0,None,N
DL1062,2026-02-13,JFK,LHR,A220,250,35,Weather,N
DL1063,2026-02-13,JFK,LHR,A350,233,60,Weather,N
DL1064,2026-02-11,JFK,LHR,A321,144,0,None,N
DL1065,2026-02-11,JFK,LHR,A350,198,20,Weather,N
DL1066,2026-02-03,JFK,LHR,A321,173,25,Weather,N
DL1067,2026-02-22,JFK,LHR,A220,271,25,Air Traffic Control,N
DL1068,2026-02-16,JFK,LHR,A321,186,15,Crew,N
DL1069,2026-02-03,JFK,LHR,A220,161,20,Crew,N
DL1070,2026-02-08,LAX,ICN,A350,256,0,None,N
DL1071,2026-02-11,LAX,ICN,A220,208,0,None,N
DL1072,2026-02-05,LAX,ICN,B767,168,0,None,N
DL1073,2026-02-09,LAX,ICN,B767,275,45,Mechanical,N
DL1074,2026-02-10,LAX,ICN,B757,209,0,None,N
DL1075,2026-02-26,LAX,ICN,A350,204,0,Cancelled,Y
DL1076,2026-02-01,LAX,ICN,A220,269,0,Cancelled,Y
DL1077,2026-02-07,LAX,ICN,A321,306,90,Weather,N
DL1078,2026-02-22,LAX,ICN,A220,240,0,None,N
DL1079,2026-02-10,LAX,ICN,B767,227,0,None,N
DL1080,2026-02-27,LAX,ICN,A321,175,0,None,N
DL1081,2026-02-12,LAX,ICN,A350,143,0,None,N
DL1082,2026-02-21,LAX,ICN,A321,310,25,Weather,N
DL1083,2026-02-17,LAX,ICN,A321,151,35,Mechanical,N
DL1084,2026-02-06,ORD,CDG,B757,280,60,Late Inbound Aircraft,N
DL1085,2026-02-08,ORD,CDG,B757,195,0,None,N
DL1086,2026-02-06,ORD,CDG,A350,237,0,Cancelled,Y
DL1087,2026-02-16,ORD,CDG,A220,203,0,None,N
DL1088,2026-02-25,ORD,CDG,A350,207,0,Cancelled,Y
DL1089,2026-02-05,ORD,CDG,B767,301,15,Weather,N
DL1090,2026-02-03,ORD,CDG,A220,179,0,None,N
DL1091,2026-02-13,ORD,CDG,B767,266,0,None,N
DL1092,2026-02-10,ORD,CDG,A220,151,0,None,N
DL1093,2026-02-14,ATL,JFK,A220,175,0,None,N
DL1094,2026-02-25,ATL,JFK,A220,144,0,None,N
DL1095,2026-02-26,ATL,JFK,B767,317,0,None,N
DL1096,2026-02-03,ATL,JFK,A321,236,60,Late Inbound Aircraft,N
DL1097,2026-02-18,ATL,JFK,B757,265,120,Mechanical,N
DL1098,2026-02-01,ATL,JFK,A220,163,120,Crew,N
DL1099,2026-02-03,ATL,JFK,B757,159,0,None,N
DL1100,2026-02-08,ATL,JFK,A350,237,90,Air Traffic Control,N
DL1101,2026-02-16,ATL,JFK,B767,304,15,Mechanical,N
DL1102,2026-02-03,ATL,JFK,B757,306,0,None,N
DL1103,2026-02-20,ATL,JFK,A350,312,15,Air Traffic Control,N
DL1104,2026-02-23,ATL,JFK,B757,272,0,None,N
DL1105,2026-02-15,ATL,JFK,B767,280,0,None,N
DL1106,2026-02-03,ATL,LAX,A321,269,90,Weather,N
DL1107,2026-02-09,ATL,LAX,A350,193,0,None,N
DL1108,2026-02-19,ATL,LAX,B757,207,0,None,N
DL1109,2026-02-05,ATL,LAX,A350,211,0,None,N
DL1110,2026-02-23,ATL,LAX,A321,264,0,None,N
DL1111,2026-02-01,ATL,LAX,A321,314,0,None,N
DL1112,2026-02-13,ATL,LAX,B757,170,60,Air Traffic Control,N
DL1113,2026-02-01,ATL,LAX,A350,241,0,None,N
DL1114,2026-02-07,ATL,LAX,B757,214,0,None,N
DL1115,2026-02-12,ATL,LAX,A350,290,0,None,N
DL1116,2026-02-14,ATL,ORD,A350,211,0,None,N
DL1117,2026-02-02,ATL,ORD,A321,208,25,Weather,N
DL1118,2026-02-17,ATL,ORD,A350,249,0,None,N
DL1119,2026-02-26,ATL,ORD,A220,281,0,None,N
DL1120,2026-02-07,ATL,ORD,B757,175,75,Air Traffic Control,N
DL1121,2026-02-16,ATL,ORD,B767,172,0,None,N
DL1122,2026-02-16,ATL,ORD,B757,307,45,Mechanical,N
DL1123,2026-02-13,ATL,ORD,B767,170,120,Mechanical,N
DL1124,2026-02-21,ATL,ORD,B757,255,90,Mechanical,N
DL1125,2026-02-25,ATL,ORD,B757,184,35,Weather,N
DL1126,2026-03-03,ATL,LHR,B767,285,0,None,N
DL1127,2026-03-01,ATL,LHR,A220,245,0,None,N
DL1128,2026-03-07,ATL,LHR,A321,155,0,None,N
DL1129,2026-03-09,ATL,LHR,A220,315,0,None,N
DL1130,2026-03-17,ATL,LHR,A350,195,0,None,N
DL1131,2026-03-09,ATL,LHR,A321,305,0,None,N
DL1132,2026-03-14,ATL,LHR,B767,145,0,None,N
DL1133,2026-03-02,ATL,LHR,A220,261,0,None,N
DL1134,2026-03-16,ATL,LHR,A220,240,0,Cancelled,Y
DL1135,2026-03-15,ATL,LHR,A220,178,20,Weather,N
DL1136,2026-03-22,ATL,LHR,A321,319,0,None,N
DL1137,2026-03-03,ATL,LHR,B757,149,25,Weather,N
DL1138,2026-03-21,ATL,CDG,A350,318,0,None,N
DL1139,2026-03-04,ATL,CDG,B767,289,0,None,N
DL1140,2026-03-13,ATL,CDG,A350,140,0,None,N
DL1141,2026-03-18,ATL,CDG,B767,220,0,None,N
DL1142,2026-03-16,ATL,CDG,A321,147,0,None,N
DL1143,2026-03-23,ATL,CDG,A321,312,35,Air Traffic Control,N
DL1144,2026-03-03,ATL,CDG,B767,234,0,None,N
DL1145,2026-03-16,ATL,CDG,B757,247,0,None,N
DL1146,2026-03-22,ATL,CDG,A350,269,45,Mechanical,N
DL1147,2026-03-16,ATL,NRT,B757,196,35,Weather,N
DL1148,2026-03-25,ATL,NRT,A321,197,90,Mechanical,N
DL1149,2026-03-14,ATL,NRT,B767,153,25,Late Inbound Aircraft,N
DL1150,2026-03-01,ATL,NRT,A321,187,15,Mechanical,N
DL1151,2026-03-15,ATL,NRT,A350,168,0,None,N
DL1152,2026-03-06,ATL,NRT,B757,148,120,Mechanical,N
DL1153,2026-03-22,ATL,NRT,A321,224,0,None,N
DL1154,2026-03-06,ATL,NRT,A220,171,20,Air Traffic Control,N
DL1155,2026-03-25,ATL,NRT,A321,219,0,None,N
DL1156,2026-03-02,ATL,MEX,B757,189,120,Late Inbound Aircraft,N
DL1157,2026-03-12,ATL,MEX,A321,301,0,None,N
DL1158,2026-03-08,ATL,MEX,A321,150,0,None,N
DL1159,2026-03-02,ATL,MEX,B757,155,0,None,N
DL1160,2026-03-07,ATL,MEX,B757,226,0,None,N
DL1161,2026-03-09,ATL,MEX,B757,151,0,None,N
DL1162,2026-03-24,ATL,MEX,A350,292,45,Weather,N
DL1163,2026-03-01,ATL,MEX,B757,238,90,Late Inbound Aircraft,N
DL1164,2026-03-27,ATL,AMS,A350,186,0,None,N
DL1165,2026-03-26,ATL,AMS,B757,223,25,Mechanical,N
DL1166,2026-03-15,ATL,AMS,A220,160,0,None,N
DL1167,2026-03-07,ATL,AMS,A321,148,75,Weather,N
DL1168,2026-03-18,ATL,AMS,B757,158,75,Crew,N
DL1169,2026-03-20,ATL,AMS,B767,254,90,Late Inbound Aircraft,N
DL1170,2026-03-08,ATL,AMS,B767,312,0,None,N
DL1171,2026-03-24,ATL,AMS,B757,171,0,None,N
DL1172,2026-03-10,ATL,AMS,A321,190,45,Mechanical,N
DL1173,2026-03-08,ATL,AMS,B767,288,45,Crew,N
DL1174,2026-03-11,ATL,AMS,A350,199,35,Air Traffic Control,N
DL1175,2026-03-15,ATL,ICN,A321,199,90,Crew,N
DL1176,2026-03-12,ATL,ICN,A220,293,20,Weather,N
DL1177,2026-03-07,ATL,ICN,A321,185,0,None,N
DL1178,2026-03-20,ATL,ICN,A350,141,0,None,N
DL1179,2026-03-21,ATL,ICN,A350,195,0,None,N
DL1180,2026-03-12,ATL,ICN,B767,306,45,Weather,N
DL1181,2026-03-27,ATL,ICN,A321,223,0,Cancelled,Y
DL1182,2026-03-22,ATL,ICN,B767,159,0,None,N
DL1183,2026-03-02,ATL,ICN,A321,156,0,None,N
DL1184,2026-03-04,ATL,ICN,A220,179,0,None,N
DL1185,2026-03-03,ATL,ICN,A321,209,0,None,N
DL1186,2026-03-10,ATL,ICN,B757,153,0,None,N
DL1187,2026-03-24,ATL,ICN,A350,246,0,None,N
DL1188,2026-03-25,JFK,LHR,A321,190,0,None,N
DL1189,2026-03-24,JFK,LHR,B767,251,0,None,N
DL1190,2026-03-14,JFK,LHR,B767,181,60,Air Traffic Control,N
DL1191,2026-03-01,JFK,LHR,B757,299,75,Weather,N
DL1192,2026-03-24,JFK,LHR,A350,183,45,Weather,N
DL1193,2026-03-04,JFK,LHR,B757,190,0,None,N
DL1194,2026-03-05,JFK,LHR,A321,295,90,Air Traffic Control,N
DL1195,2026-03-03,JFK,LHR,B767,181,0,None,N
DL1196,2026-03-20,JFK,LHR,B767,261,0,None,N
DL1197,2026-03-19,JFK,LHR,B767,272,0,None,N
DL1198,2026-03-13,JFK,LHR,A350,283,35,Weather,N
DL1199,2026-03-22,JFK,LHR,B757,300,90,Mechanical,N
DL1200,2026-03-21,JFK,LHR,A321,248,0,None,N
DL1201,2026-03-22,JFK,LHR,A350,185,0,None,N
DL1202,2026-03-20,LAX,ICN,A220,254,0,None,N
DL1203,2026-03-25,LAX,ICN,A321,261,0,None,N
DL1204,2026-03-04,LAX,ICN,A350,233,0,None,N
DL1205,2026-03-26,LAX,ICN,A350,150,0,None,N
DL1206,2026-03-21,LAX,ICN,A220,220,0,None,N
DL1207,2026-03-03,LAX,ICN,B767,236,0,None,N
DL1208,2026-03-01,LAX,ICN,A350,317,0,None,N
DL1209,2026-03-07,LAX,ICN,B767,213,0,None,N
DL1210,2026-03-26,ORD,CDG,B767,204,60,Mechanical,N
DL1211,2026-03-11,ORD,CDG,A321,268,90,Weather,N
DL1212,2026-03-07,ORD,CDG,B757,200,0,None,N
DL1213,2026-03-12,ORD,CDG,B757,211,25,Mechanical,N
DL1214,2026-03-13,ORD,CDG,A220,169,0,None,N
DL1215,2026-03-02,ORD,CDG,A220,255,0,None,N
DL1216,2026-03-17,ORD,CDG,B757,166,0,None,N
DL1217,2026-03-18,ORD,CDG,B757,235,0,None,N
DL1218,2026-03-13,ORD,CDG,B757,232,0,None,N
DL1219,2026-03-25,ORD,CDG,B757,272,15,Weather,N
DL1220,2026-03-10,ORD,CDG,B757,289,0,None,N
DL1221,2026-03-24,ORD,CDG,B767,148,0,Cancelled,Y
DL1222,2026-03-05,ORD,CDG,A220,246,0,None,N
DL1223,2026-03-02,ATL,JFK,A220,140,15,Weather,N
DL1224,2026-03-12,ATL,JFK,B767,276,0,None,N
DL1225,2026-03-14,ATL,JFK,B757,192,0,None,N
DL1226,2026-03-20,ATL,JFK,B767,202,15,Late Inbound Aircraft,N
DL1227,2026-03-15,ATL,JFK,B757,310,0,None,N
DL1228,2026-03-13,ATL,JFK,A220,154,0,None,N
DL1229,2026-03-12,ATL,JFK,A220,294,0,None,N
DL1230,2026-03-24,ATL,JFK,A350,276,15,Weather,N
DL1231,2026-03-13,ATL,JFK,B767,281,20,Weather,N
DL1232,2026-03-05,ATL,JFK,A220,304,0,None,N
DL1233,2026-03-21,ATL,LAX,B757,270,0,None,N
DL1234,2026-03-03,ATL,LAX,A321,141,90,Mechanical,N
DL1235,2026-03-14,ATL,LAX,A321,307,0,None,N
DL1236,2026-03-06,ATL,LAX,B757,171,35,Mechanical,N
DL1237,2026-03-24,ATL,LAX,A350,207,0,None,N
DL1238,2026-03-09,ATL,LAX,A220,315,0,None,N
DL1239,2026-03-09,ATL,LAX,A350,195,0,None,N
DL1240,2026-03-17,ATL,LAX,B767,206,0,Cancelled,Y
DL1241,2026-03-27,ATL,LAX,B767,223,0,None,N
DL1242,2026-03-13,ATL,LAX,A350,275,120,Air Traffic Control,N
DL1243,2026-03-01,ATL,LAX,B757,286,0,None,N
DL1244,2026-03-26,ATL,LAX,A220,159,0,None,N
DL1245,2026-03-06,ATL,LAX,B757,181,20,Mechanical,N
DL1246,2026-03-23,ATL,ORD,B767,150,0,Cancelled,Y
DL1247,2026-03-23,ATL,ORD,A220,156,20,Mechanical,N
DL1248,2026-03-25,ATL,ORD,A350,276,0,None,N
DL1249,2026-03-25,ATL,ORD,B767,167,0,None,N
DL1250,2026-03-07,ATL,ORD,B757,301,20,Crew,N
DL1251,2026-03-16,ATL,ORD,A321,226,35,Weather,N
DL1252,2026-03-09,ATL,ORD,B757,205,0,Cancelled,Y
DL1253,2026-03-02,ATL,ORD,A220,222,0,None,N
DL1254,2026-03-17,ATL,ORD,A321,147,15,Crew,N
DL1255,2026-04-25,ATL,LHR,A220,152,0,None,N
DL1256,2026-04-19,ATL,LHR,A220,163,0,None,N
DL1257,2026-04-27,ATL,LHR,B767,274,0,None,N
DL1258,2026-04-10,ATL,LHR,B757,141,0,None,N
DL1259,2026-04-16,ATL,LHR,A321,187,0,None,N
DL1260,2026-04-19,ATL,LHR,A220,206,0,None,N
DL1261,2026-04-06,ATL,LHR,A350,168,35,Air Traffic Control,N
DL1262,2026-04-16,ATL,LHR,B757,166,0,None,N
DL1263,2026-04-12,ATL,LHR,A321,162,0,None,N
DL1264,2026-04-21,ATL,LHR,B757,192,0,Cancelled,Y
DL1265,2026-04-09,ATL,LHR,A321,183,0,None,N
DL1266,2026-04-21,ATL,LHR,A220,276,0,None,N
DL1267,2026-04-23,ATL,CDG,A220,229,0,None,N
DL1268,2026-04-11,ATL,CDG,A220,255,0,None,N
DL1269,2026-04-24,ATL,CDG,B757,316,0,None,N
DL1270,2026-04-19,ATL,CDG,B767,304,0,None,N
DL1271,2026-04-17,ATL,CDG,B757,203,25,Mechanical,N
DL1272,2026-04-20,ATL,CDG,A350,206,60,Late Inbound Aircraft,N
DL1273,2026-04-06,ATL,CDG,B757,177,75,Weather,N
DL1274,2026-04-24,ATL,CDG,B757,167,20,Mechanical,N
DL1275,2026-04-07,ATL,CDG,A321,143,0,None,N
DL1276,2026-04-26,ATL,CDG,B757,176,45,Air Traffic Control,N
DL1277,2026-04-20,ATL,CDG,A220,250,35,Late Inbound Aircraft,N
DL1278,2026-04-19,ATL,CDG,A220,198,0,None,N
DL1279,2026-04-08,ATL,CDG,A321,256,0,None,N
DL1280,2026-04-11,ATL,CDG,B767,247,0,None,N
DL1281,2026-04-13,ATL,NRT,A321,204,0,None,N
DL1282,2026-04-16,ATL,NRT,A220,244,0,None,N
DL1283,2026-04-22,ATL,NRT,B757,307,0,None,N
DL1284,2026-04-25,ATL,NRT,A350,265,0,Cancelled,Y
DL1285,2026-04-02,ATL,NRT,A220,165,35,Air Traffic Control,N
DL1286,2026-04-15,ATL,NRT,A350,271,0,None,N
DL1287,2026-04-21,ATL,NRT,A321,227,0,None,N
DL1288,2026-04-24,ATL,NRT,A220,171,25,Air Traffic Control,N
DL1289,2026-04-12,ATL,NRT,A350,143,75,Air Traffic Control,N
DL1290,2026-04-14,ATL,NRT,B757,312,0,None,N
DL1291,2026-04-19,ATL,NRT,B767,274,75,Late Inbound Aircraft,N
DL1292,2026-04-26,ATL,NRT,B767,182,0,None,N
DL1293,2026-04-25,ATL,NRT,A321,189,0,None,N
DL1294,2026-04-21,ATL,NRT,A321,303,25,Air Traffic Control,N
DL1295,2026-04-10,ATL,MEX,B757,260,0,None,N
DL1296,2026-04-26,ATL,MEX,B767,249,75,Mechanical,N
DL1297,2026-04-16,ATL,MEX,B757,211,0,Cancelled,Y
DL1298,2026-04-08,ATL,MEX,A321,264,0,None,N
DL1299,2026-04-20,ATL,MEX,B767,232,0,None,N
DL1300,2026-04-10,ATL,MEX,A220,175,60,Crew,N
DL1301,2026-04-27,ATL,MEX,A350,308,0,None,N
DL1302,2026-04-07,ATL,MEX,A220,204,0,None,N
DL1303,2026-04-04,ATL,MEX,A321,187,0,None,N
DL1304,2026-04-12,ATL,MEX,A220,182,75,Crew,N
DL1305,2026-04-23,ATL,MEX,A220,311,0,None,N
DL1306,2026-04-21,ATL,AMS,A350,252,35,Air Traffic Control,N
DL1307,2026-04-18,ATL,AMS,A321,175,0,None,N
DL1308,2026-04-16,ATL,AMS,A321,176,0,None,N
DL1309,2026-04-08,ATL,AMS,B767,141,0,None,N
DL1310,2026-04-27,ATL,AMS,B757,267,0,None,N
DL1311,2026-04-27,ATL,AMS,A350,313,0,None,N
DL1312,2026-04-06,ATL,AMS,A350,147,0,None,N
DL1313,2026-04-20,ATL,AMS,A350,224,0,None,N
DL1314,2026-04-17,ATL,AMS,A350,176,0,None,N
DL1315,2026-04-07,ATL,AMS,A350,226,0,None,N
DL1316,2026-04-22,ATL,AMS,A220,274,0,None,N
DL1317,2026-04-25,ATL,AMS,A350,281,60,Air Traffic Control,N
DL1318,2026-04-27,ATL,AMS,A321,266,0,None,N
DL1319,2026-04-11,ATL,AMS,A321,192,120,Air Traffic Control,N
DL1320,2026-04-04,ATL,ICN,A350,302,45,Weather,N
DL1321,2026-04-26,ATL,ICN,A321,281,0,None,N
DL1322,2026-04-18,ATL,ICN,A350,167,0,None,N
DL1323,2026-04-02,ATL,ICN,A350,295,0,None,N
DL1324,2026-04-26,ATL,ICN,A220,236,0,None,N
DL1325,2026-04-05,ATL,ICN,A350,292,0,None,N
DL1326,2026-04-07,ATL,ICN,B767,300,0,None,N
DL1327,2026-04-04,ATL,ICN,A350,247,0,None,N
DL1328,2026-04-21,ATL,ICN,B757,175,0,Cancelled,Y
DL1329,2026-04-18,ATL,ICN,A321,187,0,None,N
DL1330,2026-04-02,ATL,ICN,A220,304,0,None,N
DL1331,2026-04-02,ATL,ICN,A321,170,0,None,N
DL1332,2026-04-19,ATL,ICN,A350,157,0,None,N
DL1333,2026-04-22,ATL,ICN,B767,308,0,None,N
DL1334,2026-04-25,JFK,LHR,A350,178,90,Weather,N
DL1335,2026-04-14,JFK,LHR,A350,315,0,Cancelled,Y
DL1336,2026-04-03,JFK,LHR,B767,285,90,Weather,N
DL1337,2026-04-15,JFK,LHR,B767,317,15,Air Traffic Control,N
DL1338,2026-04-24,JFK,LHR,B757,257,120,Mechanical,N
DL1339,2026-04-02,JFK,LHR,A220,315,15,Crew,N
DL1340,2026-04-03,JFK,LHR,A220,264,25,Late Inbound Aircraft,N
DL1341,2026-04-02,JFK,LHR,A321,252,0,None,N
DL1342,2026-04-22,JFK,LHR,B757,169,0,None,N
DL1343,2026-04-21,JFK,LHR,A321,262,0,None,N
DL1344,2026-04-25,JFK,LHR,B757,285,0,None,N
DL1345,2026-04-09,LAX,ICN,A220,320,0,None,N
DL1346,2026-04-11,LAX,ICN,B767,143,0,None,N
DL1347,2026-04-20,LAX,ICN,A321,203,0,None,N
DL1348,2026-04-13,LAX,ICN,A321,199,0,None,N
DL1349,2026-04-10,LAX,ICN,A321,208,0,None,N
DL1350,2026-04-06,LAX,ICN,B757,150,0,None,N
DL1351,2026-04-27,LAX,ICN,B767,286,0,None,N
DL1352,2026-04-09,LAX,ICN,A321,280,0,None,N
DL1353,2026-04-12,LAX,ICN,A321,264,0,None,N
DL1354,2026-04-07,LAX,ICN,B757,199,0,None,N
DL1355,2026-04-02,ORD,CDG,B757,192,0,None,N
DL1356,2026-04-19,ORD,CDG,A220,257,0,None,N
DL1357,2026-04-03,ORD,CDG,B767,156,0,None,N
DL1358,2026-04-13,ORD,CDG,B757,273,0,None,N
DL1359,2026-04-16,ORD,CDG,B757,186,35,Weather,N
DL1360,2026-04-12,ORD,CDG,B767,272,0,None,N
DL1361,2026-04-08,ORD,CDG,A350,235,0,None,N
DL1362,2026-04-12,ORD,CDG,B757,179,0,None,N
DL1363,2026-04-20,ORD,CDG,A220,192,15,Weather,N
DL1364,2026-04-16,ORD,CDG,A220,254,45,Air Traffic Control,N
DL1365,2026-04-27,ORD,CDG,A321,186,15,Air Traffic Control,N
DL1366,2026-04-03,ORD,CDG,A220,148,0,Cancelled,Y
DL1367,2026-04-23,ATL,JFK,A220,156,0,None,N
DL1368,2026-04-21,ATL,JFK,B767,284,20,Weather,N
DL1369,2026-04-21,ATL,JFK,A321,269,0,None,N
DL1370,2026-04-06,ATL,JFK,B767,196,35,Late Inbound Aircraft,N
DL1371,2026-04-02,ATL,JFK,A220,155,0,None,N
DL1372,2026-04-01,ATL,JFK,A321,305,120,Mechanical,N
DL1373,2026-04-02,ATL,JFK,B757,313,15,Late Inbound Aircraft,N
DL1374,2026-04-19,ATL,JFK,A321,166,0,None,N
DL1375,2026-04-11,ATL,JFK,A321,235,0,None,N
DL1376,2026-04-13,ATL,JFK,A321,143,25,Late Inbound Aircraft,N
DL1377,2026-04-07,ATL,LAX,B757,298,35,Weather,N
DL1378,2026-04-24,ATL,LAX,A321,164,0,None,N
DL1379,2026-04-27,ATL,LAX,A321,159,0,Cancelled,Y
DL1380,2026-04-11,ATL,LAX,B757,176,20,Mechanical,N
DL1381,2026-04-08,ATL,LAX,A321,177,90,Mechanical,N
DL1382,2026-04-05,ATL,LAX,A350,179,0,None,N
DL1383,2026-04-09,ATL,LAX,B757,167,25,Weather,N
DL1384,2026-04-15,ATL,LAX,B767,311,120,Weather,N
DL1385,2026-04-18,ATL,LAX,A321,233,45,Crew,N
DL1386,2026-04-09,ATL,LAX,A321,164,0,None,N
DL1387,2026-04-10,ATL,LAX,A350,303,45,Weather,N
DL1388,2026-04-15,ATL,LAX,A321,175,0,None,N
DL1389,2026-04-01,ATL,LAX,B767,213,0,None,N
DL1390,2026-04-14,ATL,ORD,A220,210,0,None,N
DL1391,2026-04-06,ATL,ORD,A220,190,35,Mechanical,N
DL1392,2026-04-03,ATL,ORD,B757,266,0,None,N
DL1393,2026-04-06,ATL,ORD,B767,300,0,None,N
DL1394,2026-04-19,ATL,ORD,A220,154,120,Air Traffic Control,N
DL1395,2026-04-26,ATL,ORD,A321,244,90,Weather,N
DL1396,2026-04-05,ATL,ORD,A350,233,25,Mechanical,N
DL1397,2026-04-06,ATL,ORD,B757,141,0,None,N
DL1398,2026-04-17,ATL,ORD,A350,158,0,None,N
DL1399,2026-04-12,ATL,ORD,A321,222,0,None,N
DL1400,2026-05-25,ATL,LHR,A321,266,20,Late Inbound Aircraft,N
DL1401,2026-05-17,ATL,LHR,B767,277,0,Cancelled,Y
DL1402,2026-05-01,ATL,LHR,B757,219,25,Weather,N
DL1403,2026-05-18,ATL,LHR,B757,189,20,Late Inbound Aircraft,N
DL1404,2026-05-01,ATL,LHR,A220,258,0,None,N
DL1405,2026-05-08,ATL,LHR,B757,151,20,Mechanical,N
DL1406,2026-05-04,ATL,LHR,A350,211,0,None,N
DL1407,2026-05-04,ATL,LHR,A220,278,0,None,N
DL1408,2026-05-08,ATL,LHR,A350,182,90,Mechanical,N
DL1409,2026-05-21,ATL,LHR,A220,294,0,None,N
DL1410,2026-05-02,ATL,LHR,B757,232,0,None,N
DL1411,2026-05-13,ATL,LHR,A220,251,0,None,N
DL1412,2026-05-11,ATL,CDG,B757,153,0,None,N
DL1413,2026-05-17,ATL,CDG,B767,230,0,None,N
DL1414,2026-05-14,ATL,CDG,B757,157,20,Air Traffic Control,N
DL1415,2026-05-14,ATL,CDG,B767,197,0,None,N
DL1416,2026-05-14,ATL,CDG,A350,256,0,None,N
DL1417,2026-05-26,ATL,CDG,A350,150,0,None,N
DL1418,2026-05-21,ATL,CDG,B757,299,0,None,N
DL1419,2026-05-21,ATL,CDG,A350,299,0,None,N
DL1420,2026-05-09,ATL,CDG,A350,213,35,Late Inbound Aircraft,N
DL1421,2026-05-10,ATL,CDG,B757,271,15,Mechanical,N
DL1422,2026-05-03,ATL,CDG,A321,177,0,None,N
DL1423,2026-05-04,ATL,CDG,A220,244,0,None,N
DL1424,2026-05-10,ATL,CDG,B757,279,0,None,N
DL1425,2026-05-27,ATL,CDG,A321,196,0,None,N
DL1426,2026-05-18,ATL,NRT,B757,280,0,None,N
DL1427,2026-05-20,ATL,NRT,B767,147,0,None,N
DL1428,2026-05-11,ATL,NRT,A220,238,0,None,N
DL1429,2026-05-13,ATL,NRT,B767,230,0,Cancelled,Y
DL1430,2026-05-08,ATL,NRT,B757,209,0,None,N
DL1431,2026-05-07,ATL,NRT,A220,180,0,None,N
DL1432,2026-05-03,ATL,NRT,A350,308,0,None,N
DL1433,2026-05-17,ATL,NRT,A220,167,0,None,N
DL1434,2026-05-08,ATL,NRT,A321,179,0,None,N
DL1435,2026-05-22,ATL,MEX,A220,297,0,None,N
DL1436,2026-05-09,ATL,MEX,B757,261,0,None,N
DL1437,2026-05-26,ATL,MEX,B767,320,0,None,N
DL1438,2026-05-14,ATL,MEX,A321,267,120,Mechanical,N
DL1439,2026-05-19,ATL,MEX,A220,211,0,None,N
DL1440,2026-05-20,ATL,MEX,A321,317,0,None,N
DL1441,2026-05-10,ATL,MEX,A321,292,75,Air Traffic Control,N
DL1442,2026-05-21,ATL,MEX,A321,267,0,None,N
DL1443,2026-05-15,ATL,MEX,A321,177,0,None,N
DL1444,2026-05-19,ATL,MEX,B767,295,60,Air Traffic Control,N
DL1445,2026-05-07,ATL,AMS,A350,142,0,None,N
DL1446,2026-05-02,ATL,AMS,A220,216,0,None,N
DL1447,2026-05-25,ATL,AMS,A220,251,0,None,N
DL1448,2026-05-27,ATL,AMS,A321,239,0,None,N
DL1449,2026-05-12,ATL,AMS,A350,255,0,None,N
DL1450,2026-05-22,ATL,AMS,A220,242,75,Air Traffic Control,N
DL1451,2026-05-19,ATL,AMS,A220,252,75,Air Traffic Control,N
DL1452,2026-05-19,ATL,AMS,B767,163,0,None,N
DL1453,2026-05-12,ATL,AMS,A220,219,0,None,N
DL1454,2026-05-06,ATL,AMS,B757,316,0,None,N
DL1455,2026-05-17,ATL,ICN,A220,180,0,None,N
DL1456,2026-05-10,ATL,ICN,A220,155,35,Air Traffic Control,N
DL1457,2026-05-20,ATL,ICN,A350,301,0,None,N
DL1458,2026-05-23,ATL,ICN,A220,218,0,None,N
DL1459,2026-05-01,ATL,ICN,A220,165,0,None,N
DL1460,2026-05-01,ATL,ICN,B757,285,90,Crew,N
DL1461,2026-05-21,ATL,ICN,A220,176,0,None,N
DL1462,2026-05-07,ATL,ICN,A350,270,25,Air Traffic Control,N
DL1463,2026-05-01,ATL,ICN,A220,259,120,Air Traffic Control,N
DL1464,2026-05-14,ATL,ICN,B757,288,15,Mechanical,N
DL1465,2026-05-05,ATL,ICN,A350,183,0,None,N
DL1466,2026-05-09,ATL,ICN,A350,289,0,None,N
DL1467,2026-05-12,ATL,ICN,A350,145,0,None,N
DL1468,2026-05-08,ATL,ICN,A321,151,0,None,N
DL1469,2026-05-20,JFK,LHR,B757,184,25,Late Inbound Aircraft,N
DL1470,2026-05-01,JFK,LHR,A321,217,0,None,N
DL1471,2026-05-20,JFK,LHR,B767,157,0,None,N
DL1472,2026-05-22,JFK,LHR,A321,196,0,None,N
DL1473,2026-05-10,JFK,LHR,B767,145,0,None,N
DL1474,2026-05-03,JFK,LHR,A350,187,0,None,N
DL1475,2026-05-10,JFK,LHR,A220,225,0,None,N
DL1476,2026-05-13,JFK,LHR,A321,171,0,None,N
DL1477,2026-05-12,LAX,ICN,B757,259,0,None,N
DL1478,2026-05-12,LAX,ICN,B767,179,15,Air Traffic Control,N
DL1479,2026-05-23,LAX,ICN,A220,172,120,Crew,N
DL1480,2026-05-15,LAX,ICN,B767,201,0,None,N
DL1481,2026-05-12,LAX,ICN,A220,236,0,None,N
DL1482,2026-05-07,LAX,ICN,B767,192,0,None,N
DL1483,2026-05-15,LAX,ICN,A220,206,0,None,N
DL1484,2026-05-15,LAX,ICN,A321,203,0,None,N
DL1485,2026-05-20,LAX,ICN,A220,163,20,Mechanical,N
DL1486,2026-05-09,LAX,ICN,A220,147,0,None,N
DL1487,2026-05-05,LAX,ICN,B767,162,0,None,N
DL1488,2026-05-25,LAX,ICN,A350,309,0,None,N
DL1489,2026-05-03,LAX,ICN,B757,268,0,None,N
DL1490,2026-05-07,LAX,ICN,B757,242,35,Weather,N
DL1491,2026-05-13,ORD,CDG,B767,300,0,None,N
DL1492,2026-05-09,ORD,CDG,B757,309,0,None,N
DL1493,2026-05-14,ORD,CDG,A321,320,0,Cancelled,Y
DL1494,2026-05-08,ORD,CDG,A350,300,0,None,N
DL1495,2026-05-06,ORD,CDG,A321,150,35,Mechanical,N
DL1496,2026-05-02,ORD,CDG,B767,217,0,None,N
DL1497,2026-05-13,ORD,CDG,B767,301,0,None,N
DL1498,2026-05-19,ORD,CDG,B757,273,0,None,N
DL1499,2026-05-14,ORD,CDG,A350,140,0,None,N
DL1500,2026-05-27,ORD,CDG,A220,150,0,None,N
DL1501,2026-05-23,ATL,JFK,B767,221,20,Weather,N
DL1502,2026-05-25,ATL,JFK,A321,162,0,None,N
DL1503,2026-05-23,ATL,JFK,B767,297,0,None,N
DL1504,2026-05-09,ATL,JFK,A321,248,0,None,N
DL1505,2026-05-11,ATL,JFK,A321,300,0,None,N
DL1506,2026-05-17,ATL,JFK,A220,249,0,None,N
DL1507,2026-05-25,ATL,JFK,A220,151,0,None,N
DL1508,2026-05-09,ATL,JFK,A350,203,35,Air Traffic Control,N
DL1509,2026-05-06,ATL,JFK,B757,191,0,None,N
DL1510,2026-05-05,ATL,JFK,A321,311,0,None,N
DL1511,2026-05-08,ATL,JFK,B757,304,90,Weather,N
DL1512,2026-05-23,ATL,JFK,A220,176,0,None,N
DL1513,2026-05-08,ATL,LAX,A321,280,0,None,N
DL1514,2026-05-25,ATL,LAX,A220,179,0,None,N
DL1515,2026-05-15,ATL,LAX,A350,192,0,None,N
DL1516,2026-05-23,ATL,LAX,A350,192,0,None,N
DL1517,2026-05-02,ATL,LAX,A350,254,20,Mechanical,N
DL1518,2026-05-06,ATL,LAX,B757,232,0,None,N
DL1519,2026-05-06,ATL,LAX,A350,264,90,Late Inbound Aircraft,N
DL1520,2026-05-24,ATL,LAX,B757,284,0,None,N
DL1521,2026-05-04,ATL,LAX,B767,265,0,None,N
DL1522,2026-05-26,ATL,LAX,A220,300,20,Mechanical,N
DL1523,2026-05-24,ATL,LAX,A350,147,35,Weather,N
DL1524,2026-05-25,ATL,LAX,A220,303,60,Weather,N
DL1525,2026-05-22,ATL,ORD,A220,219,0,None,N
DL1526,2026-05-11,ATL,ORD,B757,231,0,None,N
DL1527,2026-05-08,ATL,ORD,B757,234,0,None,N
DL1528,2026-05-08,ATL,ORD,A321,195,75,Late Inbound Aircraft,N
DL1529,2026-05-14,ATL,ORD,A350,300,45,Mechanical,N
DL1530,2026-05-05,ATL,ORD,A350,242,90,Mechanical,N
DL1531,2026-05-02,ATL,ORD,B757,195,0,None,N
DL1532,2026-05-01,ATL,ORD,A321,270,0,None,N
DL1533,2026-05-05,ATL,ORD,A321,271,0,None,N
DL1534,2026-05-11,ATL,ORD,A321,182,25,Late Inbound Aircraft,N
DL1535,2026-05-10,ATL,ORD,B757,284,0,Cancelled,Y
DL1536,2026-05-19,ATL,ORD,A220,249,60,Air Traffic Control,N
DL1537,2026-05-21,ATL,ORD,A220,295,0,None,N
DL1538,2026-05-03,ATL,ORD,A220,216,60,Mechanical,N
DL1539,2026-06-14,ATL,LHR,B767,305,0,None,N
DL1540,2026-06-10,ATL,LHR,A350,302,0,None,N
DL1541,2026-06-07,ATL,LHR,A350,316,0,None,N
DL1542,2026-06-05,ATL,LHR,A321,288,0,None,N
DL1543,2026-06-12,ATL,LHR,B757,241,0,None,N
DL1544,2026-06-04,ATL,LHR,A220,191,0,None,N
DL1545,2026-06-24,ATL,LHR,A350,204,0,None,N
DL1546,2026-06-07,ATL,LHR,B767,257,90,Weather,N
DL1547,2026-06-18,ATL,LHR,A350,285,120,Late Inbound Aircraft,N
DL1548,2026-06-14,ATL,LHR,A220,174,0,None,N
DL1549,2026-06-18,ATL,LHR,A220,169,0,None,N
DL1550,2026-06-04,ATL,LHR,B767,279,0,None,N
DL1551,2026-06-19,ATL,CDG,A321,154,60,Crew,N
DL1552,2026-06-08,ATL,CDG,B767,170,35,Air Traffic Control,N
DL1553,2026-06-14,ATL,CDG,B767,230,35,Mechanical,N
DL1554,2026-06-12,ATL,CDG,A350,314,0,None,N
DL1555,2026-06-27,ATL,CDG,A321,231,120,Mechanical,N
DL1556,2026-06-02,ATL,CDG,A220,231,0,None,N
DL1557,2026-06-11,ATL,CDG,A321,189,35,Weather,N
DL1558,2026-06-01,ATL,CDG,A350,169,0,None,N
DL1559,2026-06-16,ATL,CDG,B767,187,0,None,N
DL1560,2026-06-10,ATL,NRT,A220,176,0,None,N
DL1561,2026-06-09,ATL,NRT,A321,208,0,None,N
DL1562,2026-06-01,ATL,NRT,A321,178,0,Cancelled,Y
DL1563,2026-06-17,ATL,NRT,A220,298,15,Weather,N
DL1564,2026-06-13,ATL,NRT,A321,317,0,None,N
DL1565,2026-06-13,ATL,NRT,A350,272,0,None,N
DL1566,2026-06-12,ATL,NRT,B767,151,25,Mechanical,N
DL1567,2026-06-06,ATL,NRT,A220,224,0,None,N
DL1568,2026-06-15,ATL,NRT,B757,141,0,None,N
DL1569,2026-06-19,ATL,NRT,A350,295,35,Air Traffic Control,N
DL1570,2026-06-21,ATL,NRT,A321,209,0,None,N
DL1571,2026-06-09,ATL,NRT,A220,231,0,None,N
DL1572,2026-06-17,ATL,MEX,B767,164,15,Late Inbound Aircraft,N
DL1573,2026-06-25,ATL,MEX,B757,165,0,None,N
DL1574,2026-06-26,ATL,MEX,A350,176,0,None,N
DL1575,2026-06-10,ATL,MEX,A220,232,0,None,N
DL1576,2026-06-21,ATL,MEX,B757,243,0,None,N
DL1577,2026-06-02,ATL,MEX,A220,263,0,None,N
DL1578,2026-06-12,ATL,MEX,B767,229,0,None,N
DL1579,2026-06-05,ATL,MEX,A321,311,0,None,N
DL1580,2026-06-13,ATL,MEX,B767,217,0,None,N
DL1581,2026-06-19,ATL,MEX,A220,286,45,Weather,N
DL1582,2026-06-22,ATL,MEX,A220,188,0,None,N
DL1583,2026-06-03,ATL,MEX,A321,231,60,Late Inbound Aircraft,N
DL1584,2026-06-03,ATL,AMS,A220,205,25,Weather,N
DL1585,2026-06-01,ATL,AMS,A350,200,0,None,N
DL1586,2026-06-07,ATL,AMS,B757,294,0,None,N
DL1587,2026-06-17,ATL,AMS,A350,293,15,Late Inbound Aircraft,N
DL1588,2026-06-03,ATL,AMS,B757,287,0,None,N
DL1589,2026-06-24,ATL,AMS,B757,143,120,Mechanical,N
DL1590,2026-06-01,ATL,AMS,A321,146,0,None,N
DL1591,2026-06-13,ATL,AMS,A350,184,0,None,N
DL1592,2026-06-14,ATL,AMS,A321,293,60,Crew,N
DL1593,2026-06-09,ATL,AMS,B757,146,0,None,N
DL1594,2026-06-19,ATL,AMS,B767,224,75,Mechanical,N
DL1595,2026-06-03,ATL,AMS,B767,193,0,Cancelled,Y
DL1596,2026-06-17,ATL,AMS,A220,277,60,Air Traffic Control,N
DL1597,2026-06-18,ATL,ICN,B757,287,0,None,N
DL1598,2026-06-08,ATL,ICN,B757,305,90,Crew,N
DL1599,2026-06-21,ATL,ICN,A220,256,0,None,N
DL1600,2026-06-09,ATL,ICN,B767,210,0,None,N
DL1601,2026-06-09,ATL,ICN,A350,261,0,Cancelled,Y
DL1602,2026-06-21,ATL,ICN,B767,178,0,None,N
DL1603,2026-06-13,ATL,ICN,A350,171,15,Mechanical,N
DL1604,2026-06-18,ATL,ICN,B757,186,0,None,N
DL1605,2026-06-20,ATL,ICN,A220,181,25,Crew,N
DL1606,2026-06-01,ATL,ICN,A321,253,0,None,N
DL1607,2026-06-07,ATL,ICN,A321,239,0,None,N
DL1608,2026-06-07,ATL,ICN,A350,167,0,None,N
DL1609,2026-06-03,ATL,ICN,B757,312,0,None,N
DL1610,2026-06-02,ATL,ICN,B767,236,0,None,N
DL1611,2026-06-09,JFK,LHR,B767,251,0,Cancelled,Y
DL1612,2026-06-08,JFK,LHR,B757,248,0,None,N
DL1613,2026-06-10,JFK,LHR,B767,285,0,None,N
DL1614,2026-06-16,JFK,LHR,B767,208,0,None,N
DL1615,2026-06-27,JFK,LHR,B767,203,15,Air Traffic Control,N
DL1616,2026-06-11,JFK,LHR,B767,255,0,None,N
DL1617,2026-06-19,JFK,LHR,A350,232,0,None,N
DL1618,2026-06-25,JFK,LHR,B767,251,0,None,N
DL1619,2026-06-22,LAX,ICN,B767,168,0,Cancelled,Y
DL1620,2026-06-01,LAX,ICN,B767,164,120,Mechanical,N
DL1621,2026-06-15,LAX,ICN,A321,310,60,Mechanical,N
DL1622,2026-06-11,LAX,ICN,A350,300,35,Weather,N
DL1623,2026-06-02,LAX,ICN,A321,287,0,None,N
DL1624,2026-06-23,LAX,ICN,A350,168,60,Weather,N
DL1625,2026-06-16,LAX,ICN,B767,140,0,None,N
DL1626,2026-06-08,LAX,ICN,A220,168,120,Air Traffic Control,N
DL1627,2026-06-12,LAX,ICN,B757,159,0,None,N
DL1628,2026-06-07,LAX,ICN,A350,197,0,None,N
DL1629,2026-06-23,ORD,CDG,A220,190,20,Late Inbound Aircraft,N
DL1630,2026-06-02,ORD,CDG,B757,232,0,None,N
DL1631,2026-06-01,ORD,CDG,B757,280,90,Air Traffic Control,N
DL1632,2026-06-23,ORD,CDG,A321,208,0,None,N
DL1633,2026-06-14,ORD,CDG,A321,178,0,None,N
DL1634,2026-06-25,ORD,CDG,A350,176,0,None,N
DL1635,2026-06-08,ORD,CDG,A220,205,0,None,N
DL1636,2026-06-24,ORD,CDG,A220,162,35,Mechanical,N
DL1637,2026-06-26,ORD,CDG,A220,243,0,None,N
DL1638,2026-06-11,ORD,CDG,B757,311,0,None,N
DL1639,2026-06-19,ATL,JFK,A321,305,0,Cancelled,Y
DL1640,2026-06-17,ATL,JFK,B767,237,0,None,N
DL1641,2026-06-27,ATL,JFK,B757,236,0,None,N
DL1642,2026-06-23,ATL,JFK,A220,208,0,None,N
DL1643,2026-06-22,ATL,JFK,A220,300,0,None,N
DL1644,2026-06-22,ATL,JFK,B757,207,0,None,N
DL1645,2026-06-27,ATL,JFK,A220,273,0,None,N
DL1646,2026-06-16,ATL,JFK,A220,156,0,None,N
DL1647,2026-06-12,ATL,JFK,B767,233,0,None,N
DL1648,2026-06-22,ATL,JFK,B767,257,0,None,N
DL1649,2026-06-21,ATL,JFK,A350,306,0,None,N
DL1650,2026-06-13,ATL,LAX,A350,249,0,None,N
DL1651,2026-06-14,ATL,LAX,A220,309,20,Air Traffic Control,N
DL1652,2026-06-17,ATL,LAX,A321,210,0,None,N
DL1653,2026-06-10,ATL,LAX,A321,255,0,None,N
DL1654,2026-06-24,ATL,LAX,A350,178,0,None,N
DL1655,2026-06-22,ATL,LAX,B767,309,0,None,N
DL1656,2026-06-20,ATL,LAX,B757,237,0,None,N
DL1657,2026-06-01,ATL,LAX,B757,185,45,Weather,N
DL1658,2026-06-23,ATL,LAX,B767,205,0,None,N
DL1659,2026-06-09,ATL,LAX,B767,191,90,Crew,N
DL1660,2026-06-26,ATL,ORD,A321,151,0,None,N
DL1661,2026-06-13,ATL,ORD,A321,215,0,None,N
DL1662,2026-06-14,ATL,ORD,B767,230,0,None,N
DL1663,2026-06-13,ATL,ORD,B757,288,35,Late Inbound Aircraft,N
DL1664,2026-06-03,ATL,ORD,A350,158,0,None,N
DL1665,2026-06-25,ATL,ORD,A321,246,0,None,N
DL1666,2026-06-21,ATL,ORD,A321,319,90,Late Inbound Aircraft,N
DL1667,2026-06-14,ATL,ORD,B767,265,20,Air Traffic Control,N
DL1668,2026-06-17,ATL,ORD,A220,242,35,Mechanical,N
DL1669,2026-06-02,ATL,ORD,A350,257,60,Crew,N
DL1670,2026-06-03,ATL,ORD,B767,162,15,Weather,N
DL1671,2026-07-15,ATL,LHR,A321,225,0,None,N
DL1672,2026-07-02,ATL,LHR,B767,289,0,None,N
DL1673,2026-07-14,ATL,LHR,B757,177,0,None,N
DL1674,2026-07-11,ATL,LHR,A220,187,0,None,N
DL1675,2026-07-09,ATL,LHR,A220,216,75,Weather,N
DL1676,2026-07-13,ATL,LHR,B757,153,0,None,N
DL1677,2026-07-10,ATL,LHR,A220,251,0,None,N
DL1678,2026-07-09,ATL,LHR,A321,235,35,Air Traffic Control,N
DL1679,2026-07-22,ATL,LHR,B757,233,0,None,N
DL1680,2026-07-07,ATL,LHR,A350,309,0,None,N
DL1681,2026-07-24,ATL,LHR,A220,244,0,None,N
DL1682,2026-07-27,ATL,LHR,A220,193,90,Weather,N
DL1683,2026-07-15,ATL,CDG,B767,192,0,None,N
DL1684,2026-07-02,ATL,CDG,A350,171,0,None,N
DL1685,2026-07-05,ATL,CDG,B767,283,90,Weather,N
DL1686,2026-07-16,ATL,CDG,B767,215,0,None,N
DL1687,2026-07-18,ATL,CDG,A350,259,35,Air Traffic Control,N
DL1688,2026-07-07,ATL,CDG,B767,246,0,None,N
DL1689,2026-07-22,ATL,CDG,A321,253,0,None,N
DL1690,2026-07-05,ATL,CDG,A350,174,0,None,N
DL1691,2026-07-06,ATL,CDG,A220,221,35,Crew,N
DL1692,2026-07-24,ATL,CDG,A220,223,0,None,N
DL1693,2026-07-27,ATL,CDG,B767,310,0,None,N
DL1694,2026-07-13,ATL,CDG,B757,179,0,None,N
DL1695,2026-07-21,ATL,NRT,A321,187,90,Weather,N
DL1696,2026-07-11,ATL,NRT,A220,193,60,Weather,N
DL1697,2026-07-17,ATL,NRT,A321,144,0,None,N
DL1698,2026-07-03,ATL,NRT,A350,278,45,Mechanical,N
DL1699,2026-07-07,ATL,NRT,A350,216,35,Mechanical,N
DL1700,2026-07-19,ATL,NRT,B767,228,0,None,N
DL1701,2026-07-05,ATL,NRT,B767,263,60,Air Traffic Control,N
DL1702,2026-07-11,ATL,NRT,A321,283,45,Crew,N
DL1703,2026-07-04,ATL,NRT,A350,258,25,Mechanical,N
DL1704,2026-07-02,ATL,MEX,A350,230,25,Air Traffic Control,N
DL1705,2026-07-12,ATL,MEX,B767,232,0,None,N
DL1706,2026-07-22,ATL,MEX,A321,305,0,None,N
DL1707,2026-07-10,ATL,MEX,B757,267,35,Weather,N
DL1708,2026-07-18,ATL,MEX,B767,202,0,None,N
DL1709,2026-07-19,ATL,MEX,B767,233,0,None,N
DL1710,2026-07-10,ATL,MEX,A220,276,25,Late Inbound Aircraft,N
DL1711,2026-07-08,ATL,MEX,A220,319,15,Air Traffic Control,N
DL1712,2026-07-23,ATL,AMS,A350,207,25,Weather,N
DL1713,2026-07-14,ATL,AMS,A220,214,0,None,N
DL1714,2026-07-04,ATL,AMS,B767,199,0,None,N
DL1715,2026-07-20,ATL,AMS,B767,155,0,None,N
DL1716,2026-07-03,ATL,AMS,B767,150,0,None,N
DL1717,2026-07-20,ATL,AMS,A220,258,45,Air Traffic Control,N
DL1718,2026-07-06,ATL,AMS,A321,245,0,Cancelled,Y
DL1719,2026-07-02,ATL,AMS,B757,178,120,Mechanical,N
DL1720,2026-07-25,ATL,AMS,A350,157,35,Mechanical,N
DL1721,2026-07-16,ATL,ICN,A350,224,0,None,N
DL1722,2026-07-25,ATL,ICN,A350,245,15,Crew,N
DL1723,2026-07-21,ATL,ICN,A321,181,0,None,N
DL1724,2026-07-22,ATL,ICN,B757,206,0,None,N
DL1725,2026-07-02,ATL,ICN,A220,314,0,None,N
DL1726,2026-07-06,ATL,ICN,B757,271,0,None,N
DL1727,2026-07-24,ATL,ICN,A350,301,0,None,N
DL1728,2026-07-03,ATL,ICN,B767,204,0,None,N
DL1729,2026-07-08,ATL,ICN,A321,200,0,None,N
DL1730,2026-07-19,ATL,ICN,A321,152,0,None,N
DL1731,2026-07-22,ATL,ICN,B757,314,0,None,N
DL1732,2026-07-27,ATL,ICN,B757,198,0,None,N
DL1733,2026-07-22,ATL,ICN,A350,218,0,None,N
DL1734,2026-07-10,ATL,ICN,A321,261,20,Crew,N
DL1735,2026-07-20,JFK,LHR,A321,230,120,Weather,N
DL1736,2026-07-15,JFK,LHR,A321,187,20,Late Inbound Aircraft,N
DL1737,2026-07-14,JFK,LHR,B767,170,0,None,N
DL1738,2026-07-22,JFK,LHR,A321,187,0,None,N
DL1739,2026-07-09,JFK,LHR,A321,296,25,Weather,N
DL1740,2026-07-10,JFK,LHR,A220,269,0,None,N
DL1741,2026-07-07,JFK,LHR,A220,240,0,None,N
DL1742,2026-07-01,JFK,LHR,A350,184,0,Cancelled,Y
DL1743,2026-07-08,JFK,LHR,B757,204,0,None,N
DL1744,2026-07-22,JFK,LHR,A321,271,0,None,N
DL1745,2026-07-05,JFK,LHR,A321,310,0,None,N
DL1746,2026-07-17,LAX,ICN,B757,215,0,None,N
DL1747,2026-07-10,LAX,ICN,A220,236,0,None,N
DL1748,2026-07-26,LAX,ICN,A321,267,0,None,N
DL1749,2026-07-12,LAX,ICN,B757,254,20,Mechanical,N
DL1750,2026-07-25,LAX,ICN,A321,223,90,Weather,N
DL1751,2026-07-05,LAX,ICN,B767,209,0,Cancelled,Y
DL1752,2026-07-07,LAX,ICN,A321,151,0,None,N
DL1753,2026-07-06,LAX,ICN,B767,211,0,None,N
DL1754,2026-07-25,ORD,CDG,A350,244,0,None,N
DL1755,2026-07-26,ORD,CDG,B757,266,0,None,N
DL1756,2026-07-23,ORD,CDG,A321,287,0,None,N
DL1757,2026-07-27,ORD,CDG,B767,175,0,None,N
DL1758,2026-07-17,ORD,CDG,B757,183,45,Mechanical,N
DL1759,2026-07-02,ORD,CDG,B767,232,0,None,N
DL1760,2026-07-09,ORD,CDG,A220,190,0,None,N
DL1761,2026-07-11,ORD,CDG,B757,314,0,None,N
DL1762,2026-07-12,ORD,CDG,B757,260,0,None,N
DL1763,2026-07-04,ORD,CDG,A220,255,0,None,N
DL1764,2026-07-14,ATL,JFK,A350,220,0,None,N
DL1765,2026-07-05,ATL,JFK,A220,309,0,None,N
DL1766,2026-07-22,ATL,JFK,A220,241,75,Air Traffic Control,N
DL1767,2026-07-26,ATL,JFK,A321,206,0,None,N
DL1768,2026-07-25,ATL,JFK,A220,276,0,Cancelled,Y
DL1769,2026-07-10,ATL,JFK,B767,207,0,None,N
DL1770,2026-07-03,ATL,JFK,B757,168,75,Crew,N
DL1771,2026-07-06,ATL,JFK,A350,302,0,None,N
DL1772,2026-07-25,ATL,JFK,A321,227,0,None,N
DL1773,2026-07-13,ATL,JFK,B767,187,0,None,N
DL1774,2026-07-18,ATL,JFK,B767,213,0,None,N
DL1775,2026-07-07,ATL,JFK,A220,140,75,Weather,N
DL1776,2026-07-22,ATL,JFK,A220,194,0,None,N
DL1777,2026-07-24,ATL,JFK,B767,173,0,None,N
DL1778,2026-07-22,ATL,LAX,A321,148,20,Crew,N
DL1779,2026-07-10,ATL,LAX,A321,320,0,None,N
DL1780,2026-07-20,ATL,LAX,A220,294,0,None,N
DL1781,2026-07-27,ATL,LAX,B757,197,0,None,N
DL1782,2026-07-04,ATL,LAX,B757,160,0,None,N
DL1783,2026-07-01,ATL,LAX,B767,257,60,Weather,N
DL1784,2026-07-15,ATL,LAX,A350,292,90,Mechanical,N
DL1785,2026-07-02,ATL,LAX,B767,263,0,None,N
DL1786,2026-07-10,ATL,LAX,A220,224,0,None,N
DL1787,2026-07-08,ATL,ORD,B757,193,0,None,N
DL1788,2026-07-27,ATL,ORD,B767,147,0,None,N
DL1789,2026-07-25,ATL,ORD,A321,208,0,None,N
DL1790,2026-07-12,ATL,ORD,A220,162,0,None,N
DL1791,2026-07-04,ATL,ORD,A321,290,0,None,N
DL1792,2026-07-08,ATL,ORD,B757,154,0,None,N
DL1793,2026-07-18,ATL,ORD,A321,158,0,None,N
DL1794,2026-07-19,ATL,ORD,A220,314,0,None,N
DL1795,2026-07-15,ATL,ORD,A321,168,0,None,N
DL1796,2026-07-06,ATL,ORD,B767,190,120,Weather,N
DL1797,2026-07-25,ATL,ORD,B757,319,0,None,N
DL1798,2026-07-24,ATL,ORD,A321,192,15,Weather,N
